{"Loss": 1.1406456530094147, "_runtime": 139, "_timestamp": 1632454259, "_step": 982, "Val Loss": 1.1505128145217896, "Acc": 9.7, "Val Acc": 6.6000000000000005, "_wandb": {"runtime": 138}}