{"Loss": 14.985685586929321, "_runtime": 163, "_timestamp": 1632454442, "_step": 999, "Val Loss": 0.0010976394405588508, "Acc": 2.9999999999999996, "Val Acc": 0.0, "_wandb": {"runtime": 161}}